Workbook

Sheet Books Dataset
A1: Rank | B1: Book Title | C1: Author | D1: Average Rating | E1: Rating Number | F1: Copies Sold (millions) | G1: Genre
A2: =ROW()-1 -> 1 | B2: The Lord of the Rings (The Lord of the Rings, #1-3) | C2: J.R.R. Tolkien | D2: 4.54 | E2: 738402 | F2: 150 | G2: Fantasy
A3: =ROW()-1 -> 2 | B3: Harry Potter and the Sorcerer's Stone (Harry Potter, #1) | C3: J.K. Rowling | D3: 4.47 | E3: 11569079 | F3: 120 | G3: Fantasy
A4: =ROW()-1 -> 3 | B4: Gone with the Wind | C4: Margaret Mitchell | D4: 4.31 | E4: 1262711 | F4: 30 | G4: Historical Fiction
A5: =ROW()-1 -> 4 | B5: The Hunger Games (The Hunger Games, #1) | C5: Suzanne Collins | D5: 4.35 | E5: 10056107 | F5: 65 | G5: Dystopian
A6: =ROW()-1 -> 5 | B6: The Godfather (The Godfather, #1) | C6: Mario Puzo | D6: 4.4 | E6: 469814 | F6: 21 | G6: Crime Fiction
A7: =ROW()-1 -> 6 | B7: To Kill a Mockingbird | C7: Harper Lee | D7: 4.26 | E7: 6978116 | F7: 40 | G7: Classic Fiction
A8: =ROW()-1 -> 7 | B8: Pride and Prejudice | C8: Jane Austen | D8: 4.3 | E8: 4887752 | F8: 20 | G8: Classic Romance
A9: =ROW()-1 -> 8 | B9: The Silence of the Lambs (Hannibal Lecter, #2) | C9: Thomas Harris | D9: 4.26 | E9: 593207 | F9: 10 | G9: Psychological Thriller
A10: =ROW()-1 -> 9 | B10: The Girl With the Dragon Tattoo (Millennium, #1) | C10: Stieg Larsson | D10: 4.18 | E10: 3479825 | F10: 10 | G10: Mystery Thriller
A11: =ROW()-1 -> 10 | B11: A Game of Thrones (A Song of Ice and Fire, #1) | C11: George R.R. Martin | D11: 4.45 | E11: 2766378 | F11: 30 | G11: Fantasy
A12: =ROW()-1 -> 11 | B12: The Shining (The Shining, #1) | C12: Stephen King | D12: 4.28 | E12: 1731874 | F12: 15 | G12: Horror
A13: =ROW()-1 -> 12 | B13: The Notebook (The Notebook, #1) | C13: Nicholas Sparks | D13: 4.17 | E13: 1854326 | F13: 30 | G13: Romance
... A21: =ROW()-1 -> 20 | B21: The Handmaid's Tale (The Handmaid's Tale, #1) | C21: Margaret Atwood | D21: 4.14 | E21: 2076814 | F21: 15 | G21: Dystopian

Sheet The Lord of the Rings (The Lord
A1: Rating | B1: Rating number
A2: 1 star | B2: 7147
A3: 2 stars | B3: 13555
A4: 3 stars | B4: 53778
A5: 4 stars | B5: 160455
A6: 5 stars | B6: 503742

Sheet Harry Potter and the Sorcerer's
A1: Rating | B1: Rating Number
A2: 1 star | B2: 193502
A3: 2 stars | B3: 220459
A4: 3 stars | B4: 988556
A5: 4 stars | B5: 2735320
A6: 5 stars | B6: 7440244

Sheet Gone With the Wind
A1: Rating | B1: Rating Number
A2: 1 star | B2: 27777
A3: 2 stars | B3: 44105
A4: 3 stars | B4: 151665
A5: 4 stars | B5: 319713
A6: 5 stars | B6: 719870

Sheet The Hunger Games (The Hunger Ga
A1: Rating | B1: Rating Number
A2: 1 star | B2: 132601
A3: 2 stars | B3: 240340
A4: 3 stars | B4: 1104482
A5: 4 stars | B5: 3054271
A6: 5 stars | B6: 5534811

Sheet The GodFather
A1: Rating | B1: Rating Number
A2: 5 stars | B2: 271164
A3: 4 stars | B3: 137019
A4: 3 stars | B4: 46266
A5: 2 stars | B5: 10170
A6: 1 star | B6: 5601

Sheet To Kill A Mockingbird
A1: Rating | B1: Rating Number
A2: 5 stars | B2: 3597983
A3: 4 stars | B3: 2092922
A4: 3 stars | B4: 925028
A5: 2 stars | B5: 241851
A6: 1 star | B6: 126635

Sheet Pride and Prejudice
A1: Rating | B1: Rating Number
A2: 5 stars | B2: 2700215
A3: 4 stars | B3: 1331924
A4: 3 stars | B4: 580632
A5: 2 stars | B5: 169365
A6: 1 star | B6: 111189

Sheet The Silence of the Lambs
A1: Rating | B1: Rating Number
A2: 5 stars | B2: 295546
A3: 4 stars | B3: 196000
A4: 3 stars | B4: 74186
A5: 2 stars | B5: 16097
A6: 1 star | B6: 11741

Sheet The Shining
A1: Rating | B1: Rating Number
A2: 5 stars | B2: 886794
A3: 4 stars | B3: 557008
A4: 3 stars | B4: 213163
A5: 2 stars | B5: 47603
A6: 1 star | B6: 28869

Sheet The Girl With the Dragon Tattoo
A1: Rating | B1: Rating Number
A2: 5 stars | B2: 1632451
A3: 4 stars | B3: 1152649
A4: 3 stars | B4: 469607
A5: 2 stars | B5: 134311
A6: 1 star | B6: 93029

Sheet A Game of Thrones
A1: Rating | B1: Rating Number
A2: 5 stars | B2: 1703351
A3: 4 stars | B3: 747409
A4: 3 stars | B4: 216194
A5: 2 stars | B5: 57020
A6: 1 star | B6: 44703

Sheet The Great Gatsby
A1: Rating | B1: Rating Number
A2: 5 stars | B2: 2112564
A3: 4 stars | B3: 2049922
A4: 3 stars | B4: 1301238
A5: 2 stars | B5: 383743
A6: 1 star | B6: 163293

Sheet One Flew Over the Cuckoo's Nest
A1: Rating | B1: Rating Number
A2: 5 stars | B2: 348155
A3: 4 stars | B3: 288979
A4: 3 stars | B4: 116427
A5: 2 stars | B5: 24635
A6: 1 star | B6: 8754

Sheet Jurassic Park
A1: Rating | B1: Rating Number
A2: 5 stars | B2: 460528
A3: 4 stars | B3: 376689
A4: 3 stars | B4: 180717
A5: 2 stars | B5: 40319
A6: 1 star | B6: 17971

Sheet Fight Club
A1: Rating | B1: Rating Number
A2: 5 stars | B2: 285564
A3: 4 stars | B3: 236682
A4: 3 stars | B4: 99656
A5: 2 stars | B5: 22196
A6: 1 star | B6: 7984

Sheet The Handmaid's Tale
A1: Rating | B1: Rating Number
A2: 5 stars | B2: 1087503
A3: 4 stars | B3: 879291
A4: 3 stars | B4: 371115
A5: 2 stars | B5: 98132
A6: 1 star | B6: 45854

Sheet Dracula
A1: Rating | B1: Rating Number
A2: 5 stars | B2: 566663
A3: 4 stars | B3: 533792
A4: 3 stars | B4: 305058
A5: 2 stars | B5: 72961
A6: 1 star | B6: 26077

Sheet Do Androids Dream of Electric S
A1: Rating | B1: Rating Number
A2: 5 stars | B2: 190382
A3: 4 stars | B3: 214531
A4: 3 stars | B4: 94920
A5: 2 stars | B5: 17843
A6: 1 star | B6: 4387

Sheet The Notebook
A1: Rating | B1: Rating Number
A2: 5 stars | B2: 927932
A3: 4 stars | B3: 506232
A4: 3 stars | B4: 275426
A5: 2 stars | B5: 90333
A6: 1 star | B6: 55090

Sheet Movie Data
A1: # | B1: Book Title | C1: Movie Title | D1: Director | E1: Year | F1: IMDb Rating | G1: IMDb Votes (millions) | H1: Box Office (millions $)
A2: 1 | B2: The Lord of the Rings | C2: The Lord of the Rings: The Fellowship of the Ring | D2: Peter Jackson | E2: 2001 | F2: 8.9 | G2: 2.1 | H2: 897
A3: 2 | B3: Harry Potter and the Sorcerer's Stone | C3: Harry Potter and the Sorcerer's Stone | D3: Chris Columbus | E3: 2001 | F3: 7.7 | G3: 1 | H3: 974
A4: 3 | B4: Gone with the Wind | C4: Gone with the Wind | D4: Victor Fleming | E4: 1939 | F4: 8.2 | G4: 0.34 | H4: 402
A5: 4 | B5: The Hunger Games | C5: The Hunger Games | D5: Gary Ross | E5: 2012 | F5: 7.2 | G5: 1 | H5: 694
A6: 5 | B6: The Godfather | C6: The Godfather | D6: Francis Ford Coppola | E6: 1972 | F6: 9.2 | G6: 2.1 | H6: 250
A7: 6 | B7: To Kill a Mockingbird | C7: To Kill a Mockingbird | D7: Robert Mulligan | E7: 1962 | F7: 8.3 | G7: 0.32 | H7: 13
A8: 7 | B8: Pride and Prejudice | C8: Pride & Prejudice | D8: Joe Wright | E8: 2005 | F8: 7.8 | G8: 0.3 | H8: 121
A9: 8 | B9: The Silence of the Lambs | C9: The Silence of the Lambs | D9: Jonathan Demme | E9: 1991 | F9: 8.6 | G9: 1.6 | H9: 273
A10: 9 | B10: The Shining | C10: The Shining | D10: Stanley Kubrick | E10: 1980 | F10: 8.4 | G10: 1.2 | H10: 47
A11: 10 | B11: The Girl with the Dragon Tattoo | C11: The Girl with the Dragon Tattoo | D11: David Fincher | E11: 2011 | F11: 7.8 | G11: 0.5 | H11: 233
A12: 11 | B12: A Game of Thrones | C12: Game of Thrones | D12: David Benioff & D.B. Weiss | E12: 2011 | F12: 9.2 | G12: 2.4 | H12: N/A
A13: 12 | B13: The Great Gatsby | C13: The Great Gatsby | D13: Baz Luhrmann | E13: 2013 | F13: 7.2 | G13: 0.65 | H13: 353
A14: 13 | B14: One Flew Over the Cuckoo's Nest | C14: One Flew Over the Cuckoo's Nest | D14: Miloš Forman | E14: 1975 | F14: 8.7 | G14: 1.1 | H14: 109
A15: 14 | B15: Jurassic Park | C15: Jurassic Park | D15: Steven Spielberg | E15: 1993 | F15: 8.2 | G15: 1.1 | H15: 1046
A16: 15 | B16: Fight Club | C16: Fight Club | D16: David Fincher | E16: 1999 | F16: 8.8 | G16: 2.4 | H16: 101
A17: 16 | B17: The Handmaid's Tale | C17: The Handmaid's Tale | D17: Bruce Miller | E17: 2017 | F17: 8.4 | G17: 0.3 | H17: N/A
A18: 17 | B18: Dracula | C18: Bram Stoker's Dracula | D18: Francis Ford Coppola | E18: 1992 | F18: 7.4 | G18: 0.24 | H18: 215
A19: 18 | B19: Schindler's List | C19: Schindler's List | D19: Steven Spielberg | E19: 1993 | F19: 9 | G19: 1.5 | H19: 322
A20: 19 | B20: Do Androids Dream of Electric Sheep? | C20: Blade Runner | D20: Ridley Scott | E20: 1982 | F20: 8.1 | G20: 0.83 | H20: 41
A21: 20 | B21: The Notebook | C21: The Notebook | D21: Nick Cassavetes | E21: 2004 | F21: 7.8 | G21: 0.59 | H21: 117

Sheet The Lord of the Rings -Rating
A1: Rating | B1: Rating Number
A2: 1 star | B2: 32000
A3: 2 stars | B3: 8300
A4: 3 stars | B4: 10000
A5: 4 stars | B5: 14000
A6: 5 stars | B6: 28000
A7: 6 stars | B7: 59000
A8: 7 stars | B8: 170000
A9: 8 stars | B9: 411000
A10: 9 stars | B10: 612000
A11: 10 stars | B11: 860000

Sheet H.P and the Sorcere's Stone-Ra 
A1: Rating | B1: Rating Number
A2: 1 star | B2: 9300
A3: 2 stars | B3: 3200
A4: 3 stars | B4: 5300
A5: 4 stars | B5: 10000
A6: 5 stars | B6: 29000
A7: 6 stars | B7: 87000
A8: 7 stars | B8: 241000
A9: 8 stars | B9: 270000
A10: 9 stars | B10: 121000
A11: 10 stars | B11: 175000

Sheet Gone with the Wind-Rating
A1: Rating | B1: Rating Number
A2: 1 star | B2: 6200
A3: 2 stars | B3: 2800
A4: 3 stars | B4: 3800
A5: 4 stars | B5: 5700
A6: 5 stars | B6: 11000
A7: 6 stars | B7: 23000
A8: 7 stars | B8: 50000
A9: 8 stars | B9: 86000
A10: 9 stars | B10: 70000
A11: 10 stars | B11: 98000

Sheet Film - The Lord of the Rings T
A1: IMDb Rating | B1: Rating Number
A2: 10 stars | B2: 860000
A3: 9 stars | B3: 612000
A4: 8 stars | B4: 411000
A5: 7 stars | B5: 170000
A6: 6 stars | B6: 59000
A7: 5 stars | B7: 28000
A8: 4 stars | B8: 14000
A9: 3 stars | B9: 10000
A10: 2 stars | B10: 8300
A11: 1 star | B11: 32000

Sheet Film - Harry Potter and the Sor
A1: IMDb Rating | B1: Rating Number
A2: 10 stars | B2: 175000
A3: 9 stars | B3: 121000
A4: 8 stars | B4: 270000
A5: 7 stars | B5: 241000
A6: 6 stars | B6: 87000
A7: 5 stars | B7: 29000
A8: 4 stars | B8: 10000
A9: 3 stars | B9: 5300
A10: 2 stars | B10: 3200
A11: 1 star | B11: 9300

Sheet Film - Gone with the Wind
A1: IMDb Rating | B1: Rating Number
A2: 10 stars | B2: 98000
A3: 9 stars | B3: 70000
A4: 8 stars | B4: 86000
A5: 7 stars | B5: 50000
A6: 6 stars | B6: 23000
A7: 5 stars | B7: 11000
A8: 4 stars | B8: 5700
A9: 3 stars | B9: 3800
A10: 2 stars | B10: 2800
A11: 1 star | B11: 6200

Sheet Film - The Hunger Games
A1: IMDb Rating | B1: Rating Number
A2: 10 stars | B2: 136000
A3: 9 stars | B3: 125000
A4: 8 stars | B4: 280000
A5: 7 stars | B5: 303000
A6: 6 stars | B6: 131000
A7: 5 stars | B7: 51000
A8: 4 stars | B8: 21000
A9: 3 stars | B9: 11000
A10: 2 stars | B10: 7000
A11: 1 star | B11: 15000

Sheet Film - The Godfather
A1: IMDb Rating | B1: Rating Number
A2: 10 stars | B2: 1100000
A3: 9 stars | B3: 557000
A4: 8 stars | B4: 280000
A5: 7 stars | B5: 110000
A6: 6 stars | B6: 41000
A7: 5 stars | B7: 22000
A8: 4 stars | B8: 11000
A9: 3 stars | B9: 8400
A10: 2 stars | B10: 7500
A11: 1 star | B11: 44000

Sheet Film - To Kill a Mockingbird
A1: IMDb Rating | B1: Rating Number
A2: 10 stars | B2: 77000
A3: 9 stars | B3: 84000
A4: 8 stars | B4: 101000
A5: 7 stars | B5: 53000
A6: 6 stars | B6: 19000
A7: 5 stars | B7: 7900
A8: 4 stars | B8: 3400
A9: 3 stars | B9: 1900
A10: 2 stars | B10: 1400
A11: 1 star | B11: 4200

Sheet Film - Pride & Prejudice
A1: IMDb Rating | B1: Rating Number
A2: 10 stars | B2: 85000
A3: 9 stars | B3: 62000
A4: 8 stars | B4: 102000
A5: 7 stars | B5: 74000
A6: 6 stars | B6: 29000
A7: 5 stars | B7: 11000
A8: 4 stars | B8: 4600
A9: 3 stars | B9: 2600
A10: 2 stars | B10: 1800
A11: 1 star | B11: 3700

Sheet Film - The Silence of the Lambs
A1: IMDb Rating | B1: Rating Number
A2: 10 stars | B2: 407000
A3: 9 stars | B3: 563000
A4: 8 stars | B4: 482000
A5: 7 stars | B5: 182000
A6: 6 stars | B6: 48000
A7: 5 stars | B7: 17000
A8: 4 stars | B8: 7400
A9: 3 stars | B9: 4200
A10: 2 stars | B10: 3200
A11: 1 star | B11: 7600

Sheet Film - The Shining
A1: IMDb Rating | B1: Rating Number
A2: 10 stars | B2: 274000
A3: 9 stars | B3: 332000
A4: 8 stars | B4: 339000
A5: 7 stars | B5: 165000
A6: 6 stars | B6: 59000
A7: 5 stars | B7: 24000
A8: 4 stars | B8: 11000
A9: 3 stars | B9: 6600
A10: 2 stars | B10: 4500
A11: 1 star | B11: 8900

Sheet Film - The Girl with the Dragon
A1: IMDb Rating | B1: Rating Number
A2: 10 stars | B2: 56000
A3: 9 stars | B3: 98000
A4: 8 stars | B4: 192000
A5: 7 stars | B5: 118000
A6: 6 stars | B6: 37000
A7: 5 stars | B7: 12000
A8: 4 stars | B8: 4900
A9: 3 stars | B9: 2600
A10: 2 stars | B10: 1800
A11: 1 star | B11: 4400

Sheet Film - Game of Thrones
A1: IMDb Rating | B1: Rating Number
A2: 10 stars | B2: 1500000
A3: 9 stars | B3: 600000
A4: 8 stars | B4: 259000
A5: 7 stars | B5: 99000
A6: 6 stars | B6: 38000
A7: 5 stars | B7: 22000
A8: 4 stars | B8: 11000
A9: 3 stars | B9: 9700
A10: 2 stars | B10: 11000
A11: 1 star | B11: 85000

Sheet Film - The Great Gatsby
A1: IMDb Rating | B1: Rating Number
A2: 10 stars | B2: 67000
A3: 9 stars | B3: 75000
A4: 8 stars | B4: 165000
A5: 7 stars | B5: 182000
A6: 6 stars | B6: 89000
A7: 5 stars | B7: 35000
A8: 4 stars | B8: 14000
A9: 3 stars | B9: 6800
A10: 2 stars | B10: 3900
A11: 1 star | B11: 6000

Sheet Film - One Flew Over the Cuckoo
A1: IMDb Rating | B1: Rating Number
A2: 10 stars | B2: 316000
A3: 9 stars | B3: 368000
A4: 8 stars | B4: 287000
A5: 7 stars | B5: 116000
A6: 6 stars | B6: 35000
A7: 5 stars | B7: 13000
A8: 4 stars | B8: 5900
A9: 3 stars | B9: 3300
A10: 2 stars | B10: 2400
A11: 1 star | B11: 8900

Sheet Film - Jurassic Park
A1: IMDb Rating | B1: Rating Number
A2: 10 stars | B2: 226000
A3: 9 stars | B3: 253000
A4: 8 stars | B4: 384000
A5: 7 stars | B5: 204000
A6: 6 stars | B6: 65000
A7: 5 stars | B7: 23000
A8: 4 stars | B8: 9100
A9: 3 stars | B9: 5000
A10: 2 stars | B10: 3000
A11: 1 star | B11: 5500

Sheet Film - Fight Club
A1: IMDb Rating | B1: Rating Number
A2: 10 stars | B2: 875000
A3: 9 stars | B3: 805000
A4: 8 stars | B4: 538000
A5: 7 stars | B5: 220000
A6: 6 stars | B6: 74000
A7: 5 stars | B7: 33000
A8: 4 stars | B8: 17000
A9: 3 stars | B9: 11000
A10: 2 stars | B10: 8800
A11: 1 star | B11: 23000

Sheet Film - The Handmaid's Tale
A1: IMDb Rating | B1: Rating Number
A2: 10 stars | B2: 87000
A3: 9 stars | B3: 80000
A4: 8 stars | B4: 66000
A5: 7 stars | B5: 30000
A6: 6 stars | B6: 12000
A7: 5 stars | B7: 6100
A8: 4 stars | B8: 3400
A9: 3 stars | B9: 2400
A10: 2 stars | B10: 2100
A11: 1 star | B11: 7300

Sheet Film - Bram Stoker's Dracula
A1: IMDb Rating | B1: Rating Number
A2: 10 stars | B2: 34000
A3: 9 stars | B3: 36000
A4: 8 stars | B4: 73000
A5: 7 stars | B5: 67000
A6: 6 stars | B6: 32000
A7: 5 stars | B7: 13000
A8: 4 stars | B8: 6100
A9: 3 stars | B9: 3200
A10: 2 stars | B10: 2000
A11: 1 star | B11: 2800

Sheet Film - Schindler's List
A1: IMDb Rating | B1: Rating Number
A2: 10 stars | B2: 605000
A3: 9 stars | B3: 503000
A4: 8 stars | B4: 281000
A5: 7 stars | B5: 102000
A6: 6 stars | B6: 34000
A7: 5 stars | B7: 16000
A8: 4 stars | B8: 7600
A9: 3 stars | B9: 5700
A10: 2 stars | B10: 5300
A11: 1 star | B11: 24000

Sheet Film - Blade Runner
A1: IMDb Rating | B1: Rating Number
A2: 10 stars | B2: 204000
A3: 9 stars | B3: 197000
A4: 8 stars | B4: 226000
A5: 7 stars | B5: 137000
A6: 6 stars | B6: 60000
A7: 5 stars | B7: 26000
A8: 4 stars | B8: 12000
A9: 3 stars | B9: 7000
A10: 2 stars | B10: 4600
A11: 1 star | B11: 7600

Sheet Film - The Notebook
A1: IMDb Rating | B1: Rating Number
A2: 10 stars | B2: 157000
A3: 9 stars | B3: 122000
A4: 8 stars | B4: 184000
A5: 7 stars | B5: 122000
A6: 6 stars | B6: 53000
A7: 5 stars | B7: 23000
A8: 4 stars | B8: 10000
A9: 3 stars | B9: 5700
A10: 2 stars | B10: 3900
A11: 1 star | B11: 8000

Sheet 📚 Dashboard 🎬
A1: 📚 BOOK vs MOVIE DASHBOARD 🎬 | W1: Title | X1: Book Sheet | Y1: Film Sheet | AA1: Title | AB1: 1★ | AC1: 2★ | AD1: 3★ | AE1: 4★ | AF1: 5★ | AH1: Title | AI1: 10★ | AJ1: 9★ | AK1: 8★ | AL1: 7★ | AM1: 6★ | AN1: 5★ | AO1: 4★ | AP1: 3★ | AQ1: 2★ | AR1: 1★
W2: The Lord of the Rings (The Lord of the Rings, #1-3) | X2: The Lord of the Rings (The Lord | Y2: Film - The Lord of the Rings T | AA2: The Lord of the Rings (The Lord of the Rings, #1-3) | AB2: 7147 | AC2: 13555 | AD2: 53778 | AE2: 160455 | AF2: 503742 | AH2: The Lord of the Rings (The Lord of the Rings, #1-3) | AI2: 860000 | AJ2: 612000 | AK2: 411000 | AL2: 170000 | AM2: 59000 | AN2: 28000 | AO2: 14000 | AP2: 10000 | AQ2: 8300 | AR2: 32000
I3: SELECT A BOOK ▼ | W3: Harry Potter and the Sorcerer's Stone (Harry Potter, #1) | X3: Harry Potter and the Sorcerer's | Y3: Film - Harry Potter and the Sor | AA3: Harry Potter and the Sorcerer's Stone (Harry Potter, #1) | AB3: 193502 | AC3: 220459 | AD3: 988556 | AE3: 2735320 | AF3: 7440244 | AH3: Harry Potter and the Sorcerer's Stone (Harry Potter, #1) | AI3: 175000 | AJ3: 121000 | AK3: 270000 | AL3: 241000 | AM3: 87000 | AN3: 29000 | AO3: 10000 | AP3: 5300 | AQ3: 3200 | AR3: 9300
I4: The Godfather (The Godfather, #1) | W4: Gone with the Wind | X4: Gone With the Wind | Y4: Film - Gone with the Wind | AA4: Gone with the Wind | AB4: 27777 | AC4: 44105 | AD4: 151665 | AE4: 319713 | AF4: 719870 | AH4: Gone with the Wind | AI4: 98000 | AJ4: 70000 | AK4: 86000 | AL4: 50000 | AM4: 23000 | AN4: 11000 | AO4: 5700 | AP4: 3800 | AQ4: 2800 | AR4: 6200
W5: The Hunger Games (The Hunger Games, #1) | X5: The Hunger Games (The Hunger Ga | Y5: Film - The Hunger Games | AA5: The Hunger Games (The Hunger Games, #1) | AB5: 132601 | AC5: 240340 | AD5: 1104482 | AE5: 3054271 | AF5: 5534811 | AH5: The Hunger Games (The Hunger Games, #1) | AI5: 136000 | AJ5: 125000 | AK5: 280000 | AL5: 303000 | AM5: 131000 | AN5: 51000 | AO5: 21000 | AP5: 11000 | AQ5: 7000 | AR5: 15000
W6: The Godfather (The Godfather, #1) | X6: The GodFather | Y6: Film - The Godfather | AA6: The Godfather (The Godfather, #1) | AB6: 271164 | AC6: 137019 | AD6: 46266 | AE6: 10170 | AF6: 5601 | AH6: The Godfather (The Godfather, #1) | AI6: 1100000 | AJ6: 557000 | AK6: 280000 | AL6: 110000 | AM6: 41000 | AN6: 22000 | AO6: 11000 | AP6: 8400 | AQ6: 7500 | AR6: 44000
A7: 📚 BOOK | N7: 🎬 MOVIE | W7: To Kill a Mockingbird | X7: To Kill A Mockingbird | Y7: Film - To Kill a Mockingbird | AA7: To Kill a Mockingbird | AB7: 3597983 | AC7: 2092922 | AD7: 925028 | AE7: 241851 | AF7: 126635 | AH7: To Kill a Mockingbird | AI7: 77000 | AJ7: 84000 | AK7: 101000 | AL7: 53000 | AM7: 19000 | AN7: 7900 | AO7: 3400 | AP7: 1900 | AQ7: 1400 | AR7: 4200
W8: Pride and Prejudice | X8: Pride and Prejudice | Y8: Film - Pride & Prejudice | AA8: Pride and Prejudice | AB8: 2700215 | AC8: 1331924 | AD8: 580632 | AE8: 169365 | AF8: 111189 | AH8: Pride and Prejudice | AI8: 85000 | AJ8: 62000 | AK8: 102000 | AL8: 74000 | AM8: 29000 | AN8: 11000 | AO8: 4600 | AP8: 2600 | AQ8: 1800 | AR8: 3700
A9: Title : | B9: =INDEX(Table2[Book Title],MATCH(I4,Table2[Book Title],0)) -> The Godfather (The Godfather, #1) | N9: Title : | O9: =INDEX('Movie Data'!C2:C21,MATCH(I4,Table2[Book Title],0)) -> The Godfather | W9: The Silence of the Lambs (Hannibal Lecter, #2) | X9: The Silence of the Lambs | Y9: Film - The Silence of the Lambs | AA9: The Silence of the Lambs (Hannibal Lecter, #2) | AB9: 295546 | AC9: 196000 | AD9: 74186 | AE9: 16097 | AF9: 11741 | AH9: The Silence of the Lambs (Hannibal Lecter, #2) | AI9: 407000 | AJ9: 563000 | AK9: 482000 | AL9: 182000 | AM9: 48000 | AN9: 17000 | AO9: 7400 | AP9: 4200 | AQ9: 3200 | AR9: 7600
A10: Author : | B10: =INDEX(Table2[Author],MATCH(I4,Table2[Book Title],0)) -> Mario Puzo | N10: Director : | O10: =INDEX('Movie Data'!$D$2:$D$21,MATCH(I4,Table2[Book Title],0)) -> Francis Ford Coppola | W10: The Girl With the Dragon Tattoo (Millennium, #1) | X10: The Girl With the Dragon Tattoo | Y10: Film - The Girl with the Dragon | AA10: The Girl With the Dragon Tattoo (Millennium, #1) | AB10: 1632451 | AC10: 1152649 | AD10: 469607 | AE10: 134311 | AF10: 93029 | AH10: The Girl With the Dragon Tattoo (Millennium, #1) | AI10: 56000 | AJ10: 98000 | AK10: 192000 | AL10: 118000 | AM10: 37000 | AN10: 12000 | AO10: 4900 | AP10: 2600 | AQ10: 1800 | AR10: 4400
A11: Genre : | B11: =INDEX('Books Dataset'!$G$2:$G$21,MATCH(I4,Table2[Book Title],0)) -> Crime Fiction | N11: Genre : | O11: =INDEX('Books Dataset'!$G$2:$G$21,MATCH(I4,Table2[Book Title],0)) -> Crime Fiction | W11: A Game of Thrones (A Song of Ice and Fire, #1) | X11: A Game of Thrones | Y11: Film - Game of Thrones | AA11: A Game of Thrones (A Song of Ice and Fire, #1) | AB11: 1703351 | AC11: 747409 | AD11: 216194 | AE11: 57020 | AF11: 44703 | AH11: A Game of Thrones (A Song of Ice and Fire, #1) | AI11: 1500000 | AJ11: 600000 | AK11: 259000 | AL11: 99000 | AM11: 38000 | AN11: 22000 | AO11: 11000 | AP11: 9700 | AQ11: 11000 | AR11: 85000
A12: Avg Rating : | B12: =INDEX(Table2[Average Rating],MATCH(I4,Table2[Book Title],0)) -> 4.4 | N12: IMDb Rating : | O12: =INDEX('Movie Data'!$F$2:$F$21,MATCH(I4,Table2[Book Title],0)) -> 9.2 | W12: The Shining (The Shining, #1) | X12: The Shining | Y12: Film - The Shining | AA12: The Shining (The Shining, #1) | AB12: 886794 | AC12: 557008 | AD12: 213163 | AE12: 47603 | AF12: 28869 | AH12: The Shining (The Shining, #1) | AI12: 274000 | AJ12: 332000 | AK12: 339000 | AL12: 165000 | AM12: 59000 | AN12: 24000 | AO12: 11000 | AP12: 6600 | AQ12: 4500 | AR12: 8900
A13: No. Ratings : | B13: =INDEX(Table2[Rating Number],MATCH(I4,Table2[Book Title],0)) -> 469814 | N13: No. Votes : | O13: =INDEX('Movie Data'!$G$2:$G$21,MATCH(I4,Table2[Book Title],0))*1000000 -> 2100000 | W13: The Notebook (The Notebook, #1) | X13: The Notebook | Y13: Film - The Notebook | AA13: The Notebook (The Notebook, #1) | AB13: 927932 | AC13: 506232 | AD13: 275426 | AE13: 90333 | AF13: 55090 | AH13: The Notebook (The Notebook, #1) | AI13: 157000 | AJ13: 122000 | AK13: 184000 | AL13: 122000 | AM13: 53000 | AN13: 23000 | AO13: 10000 | AP13: 5700 | AQ13: 3900 | AR13: 8000
A14: Copies Sold (mil. $) : | B14: =INDEX(Table2[Copies Sold (millions)],MATCH(I4,Table2[Book Title],0)) -> 21 | N14: Box Office (mil. $): | O14: =INDEX('Movie Data'!$H$2:$H$21,MATCH(I4,Table2[Book Title],0)) -> 250 | W14: One Flew Over the Cuckoo's Nest | X14: One Flew Over the Cuckoo's Nest | Y14: Film - One Flew Over the Cuckoo | AA14: One Flew Over the Cuckoo's Nest | AB14: 348155 | AC14: 288979 | AD14: 116427 | AE14: 24635 | AF14: 8754 | AH14: One Flew Over the Cuckoo's Nest | AI14: 316000 | AJ14: 368000 | AK14: 287000 | AL14: 116000 | AM14: 35000 | AN14: 13000 | AO14: 5900 | AP14: 3300 | AQ14: 2400 | AR14: 8900
W15: Dracula | X15: Dracula | Y15: Film - Bram Stoker's Dracula | AA15: Dracula | AB15: 566663 | AC15: 533792 | AD15: 305058 | AE15: 72961 | AF15: 26077 | AH15: Dracula | AI15: 34000 | AJ15: 36000 | AK15: 73000 | AL15: 67000 | AM15: 32000 | AN15: 13000 | AO15: 6100 | AP15: 3200 | AQ15: 2000 | AR15: 2800
W16: Jurassic Park (Jurassic Park, #1) | X16: Jurassic Park | Y16: Film - Jurassic Park | AA16: Jurassic Park (Jurassic Park, #1) | AB16: 460528 | AC16: 376689 | AD16: 180717 | AE16: 40319 | AF16: 17971 | AH16: Jurassic Park (Jurassic Park, #1) | AI16: 226000 | AJ16: 253000 | AK16: 384000 | AL16: 204000 | AM16: 65000 | AN16: 23000 | AO16: 9100 | AP16: 5000 | AQ16: 3000 | AR16: 5500
W17: The Great Gatsby | X17: The Great Gatsby | Y17: Film - The Great Gatsby | AA17: The Great Gatsby | AB17: 2112564 | AC17: 2049922 | AD17: 1301238 | AE17: 383743 | AF17: 163293 | AH17: The Great Gatsby | AI17: 67000 | AJ17: 75000 | AK17: 165000 | AL17: 182000 | AM17: 89000 | AN17: 35000 | AO17: 14000 | AP17: 6800 | AQ17: 3900 | AR17: 6000
W18: Fight Club | X18: Fight Club | Y18: Film - Fight Club | AA18: Fight Club | AB18: 285564 | AC18: 236682 | AD18: 99656 | AE18: 22196 | AF18: 7984 | AH18: Fight Club | AI18: 875000 | AJ18: 805000 | AK18: 538000 | AL18: 220000 | AM18: 74000 | AN18: 33000 | AO18: 17000 | AP18: 11000 | AQ18: 8800 | AR18: 23000
W19: Do Androids Dream of Electric Sheep? | X19: Do Androids Dream of Electric S | Y19: Film - Blade Runner | AA19: Do Androids Dream of Electric Sheep? | AB19: 190382 | AC19: 214531 | AD19: 94920 | AE19: 17843 | AF19: 4387 | AH19: Do Androids Dream of Electric Sheep? | AI19: 204000 | AJ19: 197000 | AK19: 226000 | AL19: 137000 | AM19: 60000 | AN19: 26000 | AO19: 12000 | AP19: 7000 | AQ19: 4600 | AR19: 7600
W20: Schindler's List | Y20: Film - Schindler's List | AA20: Schindler's List | AB20: 0 | AC20: 0 | AD20: 0 | AE20: 0 | AF20: 0 | AH20: Schindler's List | AI20: 605000 | AJ20: 503000 | AK20: 281000 | AL20: 102000 | AM20: 34000 | AN20: 16000 | AO20: 7600 | AP20: 5700 | AQ20: 5300 | AR20: 24000
W21: The Handmaid's Tale (The Handmaid's Tale, #1) | X21: The Handmaid's Tale | Y21: Film - The Handmaid's Tale | AA21: The Handmaid's Tale (The Handmaid's Tale, #1) | AB21: 1087503 | AC21: 879291 | AD21: 371115 | AE21: 98132 | AF21: 45854 | AH21: The Handmaid's Tale (The Handmaid's Tale, #1) | AI21: 87000 | AJ21: 80000 | AK21: 66000 | AL21: 30000 | AM21: 12000 | AN21: 6100 | AO21: 3400 | AP21: 2400 | AQ21: 2100 | AR21: 7300
A30: Goodreads Stars | B30: Number | D30: IMDb Stars | E30: Votes
A31: 5 stars | B31: =INDEX($AA$2:$AF$21,MATCH($I$4,$AA$2:$AA$21,0),6) -> 5601 | D31: 10 stars | E31: =INDEX($AH$2:$AR$21,MATCH($I$4,$AH$2:$AH$21,0),2) -> 1100000
A32: 4 stars | B32: =INDEX($AA$2:$AF$21,MATCH($I$4,$AA$2:$AA$21,0),5) -> 10170 | D32: 9 stars | E32: =INDEX($AH$2:$AR$21,MATCH($I$4,$AH$2:$AH$21,0),3) -> 557000
A33: 3 stars | B33: =INDEX($AA$2:$AF$21,MATCH($I$4,$AA$2:$AA$21,0),4) -> 46266 | D33: 8 stars | E33: =INDEX($AH$2:$AR$21,MATCH($I$4,$AH$2:$AH$21,0),4) -> 280000
A34: 2 stars | B34: =INDEX($AA$2:$AF$21,MATCH($I$4,$AA$2:$AA$21,0),3) -> 137019 | D34: 7 stars | E34: =INDEX($AH$2:$AR$21,MATCH($I$4,$AH$2:$AH$21,0),5) -> 110000
A35: 1 star | B35: =INDEX($AA$2:$AF$21,MATCH($I$4,$AA$2:$AA$21,0),2) -> 271164 | D35: 6 stars | E35: =INDEX($AH$2:$AR$21,MATCH($I$4,$AH$2:$AH$21,0),6) -> 41000
D36: 5 stars | E36: =INDEX($AH$2:$AR$21,MATCH($I$4,$AH$2:$AH$21,0),7) -> 22000
D37: 4 stars | E37: =INDEX($AH$2:$AR$21,MATCH($I$4,$AH$2:$AH$21,0),8) -> 11000
D38: 3 stars | E38: =INDEX($AH$2:$AR$21,MATCH($I$4,$AH$2:$AH$21,0),9) -> 8400
D39: 2 stars | E39: =INDEX($AH$2:$AR$21,MATCH($I$4,$AH$2:$AH$21,0),10) -> 7500
D40: 1 star | E40: =INDEX($AH$2:$AR$21,MATCH($I$4,$AH$2:$AH$21,0),11) -> 44000
